{
  "variants": {
    "base": {
      "routing_acc": 0.6585365853658537,
      "large_f1": 0,
      "fallback": 0.34146341463414637,
      "cost_vs_large": 0.09999999999999999,
      "n_eval": 82,
      "task_pass": 0.6585365853658537
    },
    "large": {
      "routing_acc": 0.34146341463414637,
      "large_f1": 0.5090909090909091,
      "fallback": 0.0,
      "cost_vs_large": 1.0,
      "n_eval": 82,
      "task_pass": 0.15853658536585366
    },
    "skills": {
      "routing_acc": 0.7073170731707317,
      "large_f1": 0.4782608695652174,
      "fallback": 0.2073170731707317,
      "cost_vs_large": 0.2975609756097561,
      "n_eval": 82,
      "task_pass": 0.6829268292682927
    },
    "router": {
      "routing_acc": 0.8780487804878049,
      "large_f1": 0.8148148148148148,
      "fallback": 0.07317073170731707,
      "cost_vs_large": 0.38536585365853654,
      "n_eval": 82,
      "task_pass": 0.7317073170731707
    },
    "full": {
      "routing_acc": 0.8780487804878049,
      "large_f1": 0.8148148148148148,
      "fallback": 0.07317073170731707,
      "cost_vs_large": 0.38536585365853654,
      "n_eval": 82,
      "task_pass": 0.7317073170731707
    }
  },
  "label_distribution": {
    "0": 54,
    "1": 28
  },
  "n_traces_total": 82,
  "n_traces_with_label": 82,
  "router_threshold": 0.5,
  "cycle": 0,
  "bench": "humaneval",
  "model_config": "05_qwen3_5_4b_273",
  "schedule": "SLR"
}