{
  "variants": {
    "large": {
      "routing_acc": 0.24390243902439024,
      "large_f1": 0.39215686274509803,
      "fallback": 0.0,
      "cost_vs_large": 1.0,
      "n_eval": 82,
      "task_pass": 0.9634146341463414
    },
    "skills": {
      "routing_acc": 0.7560975609756098,
      "large_f1": 0,
      "fallback": 0.24390243902439024,
      "cost_vs_large": 0.09999999999999999,
      "n_eval": 82,
      "task_pass": 0.7560975609756098
    },
    "router": {
      "routing_acc": 0.926829268292683,
      "large_f1": 0.8333333333333334,
      "fallback": 0.06097560975609756,
      "cost_vs_large": 0.27560975609756094,
      "n_eval": 82,
      "task_pass": 0.926829268292683
    },
    "full": {
      "routing_acc": 0.926829268292683,
      "large_f1": 0.8333333333333334,
      "fallback": 0.06097560975609756,
      "cost_vs_large": 0.27560975609756094,
      "n_eval": 82,
      "task_pass": 0.926829268292683
    }
  },
  "label_distribution": {
    "0": 62,
    "1": 20
  },
  "n_traces_total": 82,
  "n_traces_with_label": 82,
  "router_threshold": 0.5,
  "cycle": 3,
  "bench": "humaneval",
  "model_config": "05_qwen3_5_4b_273",
  "schedule": "SLR"
}