{
  "variants": {
    "base": {
      "routing_acc": 0.8513513513513513,
      "large_f1": 0,
      "fallback": 0.14864864864864866,
      "cost_vs_large": 0.09999999999999999,
      "n_eval": 74,
      "task_pass": 0.8513513513513513
    },
    "skills": {
      "routing_acc": 0.8513513513513513,
      "large_f1": 0,
      "fallback": 0.14864864864864866,
      "cost_vs_large": 0.09999999999999999,
      "n_eval": 74,
      "task_pass": 0.8513513513513513
    },
    "router": {
      "routing_acc": 0.9324324324324325,
      "large_f1": 0.761904761904762,
      "fallback": 0.04054054054054054,
      "cost_vs_large": 0.22162162162162163,
      "n_eval": 74,
      "task_pass": 0.8918918918918919
    },
    "full": {
      "routing_acc": 0.9324324324324325,
      "large_f1": 0.761904761904762,
      "fallback": 0.04054054054054054,
      "cost_vs_large": 0.22162162162162163,
      "n_eval": 74,
      "task_pass": 0.8918918918918919
    }
  },
  "label_distribution": {
    "0": 63,
    "1": 11
  },
  "n_traces_total": 74,
  "n_traces_with_label": 74,
  "router_threshold": 0.5,
  "cycle": 1,
  "bench": "tau2_bench",
  "model_config": "08_qwen3_6_35b_a3b_273",
  "schedule": "SLR"
}