{
  "variants": {
    "base": {
      "routing_acc": 0.6351351351351351,
      "large_f1": 0,
      "fallback": 0.36486486486486486,
      "cost_vs_large": 0.09999999999999999,
      "n_eval": 74,
      "task_pass": 0.6351351351351351
    },
    "skills": {
      "routing_acc": 0.6351351351351351,
      "large_f1": 0,
      "fallback": 0.36486486486486486,
      "cost_vs_large": 0.09999999999999999,
      "n_eval": 74,
      "task_pass": 0.6351351351351351
    },
    "router": {
      "routing_acc": 0.8243243243243243,
      "large_f1": 0.7796610169491525,
      "fallback": 0.05405405405405406,
      "cost_vs_large": 0.4891891891891892,
      "n_eval": 74,
      "task_pass": 0.7027027027027027
    },
    "full": {
      "routing_acc": 0.8243243243243243,
      "large_f1": 0.7796610169491525,
      "fallback": 0.05405405405405406,
      "cost_vs_large": 0.4891891891891892,
      "n_eval": 74,
      "task_pass": 0.7027027027027027
    }
  },
  "label_distribution": {
    "0": 47,
    "1": 27
  },
  "n_traces_total": 74,
  "n_traces_with_label": 74,
  "router_threshold": 0.5,
  "cycle": 2,
  "bench": "tau2_bench",
  "model_config": "08_qwen3_6_35b_a3b_273",
  "schedule": "SLR"
}